{"cameraMode":{"drawMode":0,"name":"Shaded","section":"Shading Mode"},"sceneLighting":false,"audioPlay":false,"sceneViewState":{"showFog":true,"showMaterialUpdate":false,"showSkybox":false,"showFlares":true,"showImageEffects":true,"showParticleSystems":true},"in2DMode":false,"pivot":{"x":12.262622833251954,"y":28.415721893310548,"z":-40.742679595947269},"rotation":{"x":0.1276114284992218,"y":0.6877981424331665,"z":-0.12472568452358246,"w":0.7036558985710144},"size":43.1248664855957,"orthographic":true}