{"cameraMode":{"drawMode":0,"name":"Shaded","section":"Shading Mode"},"sceneLighting":false,"audioPlay":false,"sceneViewState":{"showFog":true,"showMaterialUpdate":false,"showSkybox":false,"showFlares":true,"showImageEffects":true,"showParticleSystems":true},"in2DMode":false,"pivot":{"x":-0.7699999809265137,"y":-5.449999809265137,"z":6.849999904632568},"rotation":{"x":0.202910378575325,"y":-0.5363020300865173,"z":0.1346583068370819,"w":0.8081337213516235},"size":8.787371635437012,"orthographic":true}