{"cameraMode":{"drawMode":0,"name":"Shaded","section":"Shading Mode"},"sceneLighting":true,"audioPlay":false,"sceneViewState":{"showFog":true,"showMaterialUpdate":false,"showSkybox":true,"showFlares":true,"showImageEffects":true,"showParticleSystems":true},"in2DMode":false,"pivot":{"x":238.57354736328126,"y":-208.9105224609375,"z":86.5703125},"rotation":{"x":0.43835145235061648,"y":-0.3918685019016266,"z":0.22074057161808015,"w":0.7781794667243958},"size":963.5941162109375,"orthographic":false}