{"cameraMode":{"drawMode":0,"name":"Shaded","section":"Shading Mode"},"sceneLighting":true,"audioPlay":false,"sceneViewState":{"showFog":true,"showMaterialUpdate":false,"showSkybox":true,"showFlares":true,"showImageEffects":true,"showParticleSystems":true},"in2DMode":false,"pivot":{"x":-23.39112091064453,"y":22.5607852935791,"z":-80.99137115478516},"rotation":{"x":0.18126755952835084,"y":0.2887449264526367,"z":-0.05577391758561134,"w":0.9384340643882752},"size":15.840986251831055,"orthographic":false}