{"cameraMode":{"drawMode":0,"name":"Shaded","section":"Shading Mode"},"sceneLighting":true,"audioPlay":false,"sceneViewState":{"showFog":true,"showMaterialUpdate":false,"showSkybox":true,"showFlares":true,"showImageEffects":true,"showParticleSystems":true},"in2DMode":false,"pivot":{"x":-4.61773681640625,"y":31.490234375,"z":-30.8671875},"rotation":{"x":0.31919530034065249,"y":-0.009950574487447739,"z":0.0033516164403408767,"w":0.947632908821106},"size":22.747299194335939,"orthographic":true}