{"cameraMode":{"drawMode":0,"name":"Shaded","section":"Shading Mode"},"sceneLighting":false,"audioPlay":false,"sceneViewState":{"showFog":true,"showMaterialUpdate":false,"showSkybox":false,"showFlares":true,"showImageEffects":true,"showParticleSystems":true},"in2DMode":false,"pivot":{"x":-3.570000171661377,"y":7.892523288726807,"z":11.289999961853028},"rotation":{"x":0.29579511284828188,"y":-0.01146741770207882,"z":0.003550930880010128,"w":0.9551770091056824},"size":9.153117179870606,"orthographic":false}