{"cameraMode":{"drawMode":0,"name":"Shaded","section":"Shading Mode"},"sceneLighting":true,"audioPlay":false,"sceneViewState":{"showFog":true,"showMaterialUpdate":false,"showSkybox":true,"showFlares":true,"showImageEffects":true,"showParticleSystems":true},"in2DMode":false,"pivot":{"x":11.52587890625,"y":23.912109375,"z":-13.4296875},"rotation":{"x":0.1843278855085373,"y":0.01032009907066822,"z":-0.0019354382529854775,"w":0.982810914516449},"size":26.711349487304689,"orthographic":true}