{"cameraMode":{"drawMode":0,"name":"Shaded","section":"Shading Mode"},"sceneLighting":true,"audioPlay":false,"sceneViewState":{"showFog":true,"showMaterialUpdate":false,"showSkybox":true,"showFlares":true,"showImageEffects":true,"showParticleSystems":true},"in2DMode":false,"pivot":{"x":-2.7265625,"y":18.31640625,"z":-78.19219970703125},"rotation":{"x":0.23503470420837403,"y":0.14515483379364015,"z":-0.035524770617485049,"w":0.9604372382164002},"size":18.115222930908204,"orthographic":true}