{"cameraMode":{"drawMode":0,"name":"Shaded","section":"Shading Mode"},"sceneLighting":false,"audioPlay":false,"sceneViewState":{"showFog":true,"showMaterialUpdate":false,"showSkybox":false,"showFlares":true,"showImageEffects":true,"showParticleSystems":true},"in2DMode":false,"pivot":{"x":13.0,"y":0.20000076293945313,"z":-1.6000404357910157},"rotation":{"x":0.2237650454044342,"y":0.36489447951316836,"z":-0.09080494940280914,"w":0.8991883397102356},"size":164.9956817626953,"orthographic":true}